condition,correlation
fourConditions,0.9734126144615096
byItem,0.9465814786107196
